"","month_year","year","month","season","position","Probability_Threshold","n_days"
"1",2011-01-01,2011,1,"non_critical","LOB","Low",0
"2",2011-01-01,2011,1,"non_critical","MC","Low",30
"3",2011-01-01,2011,1,"non_critical","ROB","Low",31
"4",2012-01-01,2012,1,"non_critical","LOB","Low",0
"5",2012-01-01,2012,1,"non_critical","MC","Low",29
"6",2012-01-01,2012,1,"non_critical","ROB","Low",31
"7",2013-01-01,2013,1,"non_critical","LOB","Low",0
"8",2013-01-01,2013,1,"non_critical","MC","Low",30
"9",2013-01-01,2013,1,"non_critical","ROB","Low",31
"10",2014-01-01,2014,1,"non_critical","LOB","Low",0
"11",2014-01-01,2014,1,"non_critical","MC","Low",31
"12",2014-01-01,2014,1,"non_critical","ROB","Low",31
"13",2015-01-01,2015,1,"non_critical","LOB","Low",0
"14",2015-01-01,2015,1,"non_critical","MC","Low",30
"15",2015-01-01,2015,1,"non_critical","ROB","Low",31
"16",2016-01-01,2016,1,"non_critical","LOB","Low",0
"17",2016-01-01,2016,1,"non_critical","MC","Low",28
"18",2016-01-01,2016,1,"non_critical","ROB","Low",31
"19",2017-01-01,2017,1,"non_critical","LOB","Low",0
"20",2017-01-01,2017,1,"non_critical","MC","Low",23
"21",2017-01-01,2017,1,"non_critical","ROB","Low",31
"22",2011-02-01,2011,2,"non_critical","LOB","Low",0
"23",2011-02-01,2011,2,"non_critical","MC","Low",23
"24",2011-02-01,2011,2,"non_critical","ROB","Low",28
"25",2012-02-01,2012,2,"non_critical","LOB","Low",0
"26",2012-02-01,2012,2,"non_critical","MC","Low",29
"27",2012-02-01,2012,2,"non_critical","ROB","Low",29
"28",2013-02-01,2013,2,"non_critical","LOB","Low",0
"29",2013-02-01,2013,2,"non_critical","MC","Low",27
"30",2013-02-01,2013,2,"non_critical","ROB","Low",28
"31",2014-02-01,2014,2,"non_critical","LOB","Low",0
"32",2014-02-01,2014,2,"non_critical","MC","Low",26
"33",2014-02-01,2014,2,"non_critical","ROB","Low",28
"34",2015-02-01,2015,2,"non_critical","LOB","Low",0
"35",2015-02-01,2015,2,"non_critical","MC","Low",28
"36",2015-02-01,2015,2,"non_critical","ROB","Low",28
"37",2016-02-01,2016,2,"non_critical","LOB","Low",0
"38",2016-02-01,2016,2,"non_critical","MC","Low",28
"39",2016-02-01,2016,2,"non_critical","ROB","Low",29
"40",2017-02-01,2017,2,"non_critical","LOB","Low",0
"41",2017-02-01,2017,2,"non_critical","MC","Low",24
"42",2017-02-01,2017,2,"non_critical","ROB","Low",28
"43",2011-03-01,2011,3,"non_critical","LOB","Low",0
"44",2011-03-01,2011,3,"non_critical","MC","Low",27
"45",2011-03-01,2011,3,"non_critical","ROB","Low",30
"46",2012-03-01,2012,3,"non_critical","LOB","Low",0
"47",2012-03-01,2012,3,"non_critical","MC","Low",29
"48",2012-03-01,2012,3,"non_critical","ROB","Low",31
"49",2013-03-01,2013,3,"non_critical","LOB","Low",0
"50",2013-03-01,2013,3,"non_critical","MC","Low",30
"51",2013-03-01,2013,3,"non_critical","ROB","Low",31
"52",2014-03-01,2014,3,"non_critical","LOB","Low",0
"53",2014-03-01,2014,3,"non_critical","MC","Low",30
"54",2014-03-01,2014,3,"non_critical","ROB","Low",31
"55",2015-03-01,2015,3,"non_critical","LOB","Low",0
"56",2015-03-01,2015,3,"non_critical","MC","Low",30
"57",2015-03-01,2015,3,"non_critical","ROB","Low",31
"58",2016-03-01,2016,3,"non_critical","LOB","Low",0
"59",2016-03-01,2016,3,"non_critical","MC","Low",28
"60",2016-03-01,2016,3,"non_critical","ROB","Low",31
"61",2017-03-01,2017,3,"non_critical","LOB","Low",0
"62",2017-03-01,2017,3,"non_critical","MC","Low",31
"63",2017-03-01,2017,3,"non_critical","ROB","Low",31
"64",2011-04-01,2011,4,"critical","LOB","Low",0
"65",2011-04-01,2011,4,"critical","MC","Low",30
"66",2011-04-01,2011,4,"critical","ROB","Low",30
"67",2012-04-01,2012,4,"critical","LOB","Low",0
"68",2012-04-01,2012,4,"critical","MC","Low",28
"69",2012-04-01,2012,4,"critical","ROB","Low",30
"70",2013-04-01,2013,4,"critical","LOB","Low",0
"71",2013-04-01,2013,4,"critical","MC","Low",30
"72",2013-04-01,2013,4,"critical","ROB","Low",30
"73",2014-04-01,2014,4,"critical","LOB","Low",0
"74",2014-04-01,2014,4,"critical","MC","Low",29
"75",2014-04-01,2014,4,"critical","ROB","Low",30
"76",2015-04-01,2015,4,"critical","LOB","Low",0
"77",2015-04-01,2015,4,"critical","MC","Low",30
"78",2015-04-01,2015,4,"critical","ROB","Low",30
"79",2016-04-01,2016,4,"critical","LOB","Low",0
"80",2016-04-01,2016,4,"critical","MC","Low",30
"81",2016-04-01,2016,4,"critical","ROB","Low",30
"82",2017-04-01,2017,4,"critical","LOB","Low",0
"83",2017-04-01,2017,4,"critical","MC","Low",30
"84",2017-04-01,2017,4,"critical","ROB","Low",30
"85",2011-05-01,2011,5,"critical","LOB","Low",0
"86",2011-05-01,2011,5,"critical","MC","Low",31
"87",2011-05-01,2011,5,"critical","ROB","Low",31
"88",2012-05-01,2012,5,"critical","LOB","Low",0
"89",2012-05-01,2012,5,"critical","MC","Low",31
"90",2012-05-01,2012,5,"critical","ROB","Low",31
"91",2013-05-01,2013,5,"critical","LOB","Low",0
"92",2013-05-01,2013,5,"critical","MC","Low",31
"93",2013-05-01,2013,5,"critical","ROB","Low",31
"94",2014-05-01,2014,5,"critical","LOB","Low",0
"95",2014-05-01,2014,5,"critical","MC","Low",31
"96",2014-05-01,2014,5,"critical","ROB","Low",31
"97",2015-05-01,2015,5,"critical","LOB","Low",0
"98",2015-05-01,2015,5,"critical","MC","Low",30
"99",2015-05-01,2015,5,"critical","ROB","Low",31
"100",2016-05-01,2016,5,"critical","LOB","Low",0
"101",2016-05-01,2016,5,"critical","MC","Low",31
"102",2016-05-01,2016,5,"critical","ROB","Low",31
"103",2017-05-01,2017,5,"critical","LOB","Low",0
"104",2017-05-01,2017,5,"critical","MC","Low",31
"105",2017-05-01,2017,5,"critical","ROB","Low",31
"106",2011-06-01,2011,6,"critical","LOB","Low",0
"107",2011-06-01,2011,6,"critical","MC","Low",30
"108",2011-06-01,2011,6,"critical","ROB","Low",30
"109",2012-06-01,2012,6,"critical","LOB","Low",0
"110",2012-06-01,2012,6,"critical","MC","Low",30
"111",2012-06-01,2012,6,"critical","ROB","Low",30
"112",2013-06-01,2013,6,"critical","LOB","Low",0
"113",2013-06-01,2013,6,"critical","MC","Low",30
"114",2013-06-01,2013,6,"critical","ROB","Low",30
"115",2014-06-01,2014,6,"critical","LOB","Low",0
"116",2014-06-01,2014,6,"critical","MC","Low",30
"117",2014-06-01,2014,6,"critical","ROB","Low",30
"118",2015-06-01,2015,6,"critical","LOB","Low",0
"119",2015-06-01,2015,6,"critical","MC","Low",30
"120",2015-06-01,2015,6,"critical","ROB","Low",30
"121",2016-06-01,2016,6,"critical","LOB","Low",0
"122",2016-06-01,2016,6,"critical","MC","Low",30
"123",2016-06-01,2016,6,"critical","ROB","Low",30
"124",2017-06-01,2017,6,"critical","LOB","Low",0
"125",2017-06-01,2017,6,"critical","MC","Low",30
"126",2017-06-01,2017,6,"critical","ROB","Low",30
"127",2011-07-01,2011,7,"critical","LOB","Low",0
"128",2011-07-01,2011,7,"critical","MC","Low",31
"129",2011-07-01,2011,7,"critical","ROB","Low",31
"130",2012-07-01,2012,7,"critical","LOB","Low",0
"131",2012-07-01,2012,7,"critical","MC","Low",31
"132",2012-07-01,2012,7,"critical","ROB","Low",31
"133",2013-07-01,2013,7,"critical","LOB","Low",0
"134",2013-07-01,2013,7,"critical","MC","Low",31
"135",2013-07-01,2013,7,"critical","ROB","Low",31
"136",2014-07-01,2014,7,"critical","LOB","Low",0
"137",2014-07-01,2014,7,"critical","MC","Low",31
"138",2014-07-01,2014,7,"critical","ROB","Low",31
"139",2015-07-01,2015,7,"critical","LOB","Low",0
"140",2015-07-01,2015,7,"critical","MC","Low",31
"141",2015-07-01,2015,7,"critical","ROB","Low",31
"142",2016-07-01,2016,7,"critical","LOB","Low",0
"143",2016-07-01,2016,7,"critical","MC","Low",31
"144",2016-07-01,2016,7,"critical","ROB","Low",31
"145",2017-07-01,2017,7,"critical","LOB","Low",0
"146",2017-07-01,2017,7,"critical","MC","Low",31
"147",2017-07-01,2017,7,"critical","ROB","Low",31
"148",2011-08-01,2011,8,"critical","LOB","Low",0
"149",2011-08-01,2011,8,"critical","MC","Low",31
"150",2011-08-01,2011,8,"critical","ROB","Low",31
"151",2012-08-01,2012,8,"critical","LOB","Low",0
"152",2012-08-01,2012,8,"critical","MC","Low",31
"153",2012-08-01,2012,8,"critical","ROB","Low",31
"154",2013-08-01,2013,8,"critical","LOB","Low",0
"155",2013-08-01,2013,8,"critical","MC","Low",31
"156",2013-08-01,2013,8,"critical","ROB","Low",31
"157",2014-08-01,2014,8,"critical","LOB","Low",0
"158",2014-08-01,2014,8,"critical","MC","Low",31
"159",2014-08-01,2014,8,"critical","ROB","Low",31
"160",2015-08-01,2015,8,"critical","LOB","Low",0
"161",2015-08-01,2015,8,"critical","MC","Low",31
"162",2015-08-01,2015,8,"critical","ROB","Low",31
"163",2016-08-01,2016,8,"critical","LOB","Low",0
"164",2016-08-01,2016,8,"critical","MC","Low",31
"165",2016-08-01,2016,8,"critical","ROB","Low",31
"166",2017-08-01,2017,8,"critical","LOB","Low",0
"167",2017-08-01,2017,8,"critical","MC","Low",31
"168",2017-08-01,2017,8,"critical","ROB","Low",31
"169",2011-09-01,2011,9,"critical","LOB","Low",0
"170",2011-09-01,2011,9,"critical","MC","Low",30
"171",2011-09-01,2011,9,"critical","ROB","Low",30
"172",2012-09-01,2012,9,"critical","LOB","Low",0
"173",2012-09-01,2012,9,"critical","MC","Low",30
"174",2012-09-01,2012,9,"critical","ROB","Low",30
"175",2013-09-01,2013,9,"critical","LOB","Low",0
"176",2013-09-01,2013,9,"critical","MC","Low",30
"177",2013-09-01,2013,9,"critical","ROB","Low",30
"178",2014-09-01,2014,9,"critical","LOB","Low",0
"179",2014-09-01,2014,9,"critical","MC","Low",30
"180",2014-09-01,2014,9,"critical","ROB","Low",30
"181",2015-09-01,2015,9,"critical","LOB","Low",0
"182",2015-09-01,2015,9,"critical","MC","Low",30
"183",2015-09-01,2015,9,"critical","ROB","Low",30
"184",2016-09-01,2016,9,"critical","LOB","Low",0
"185",2016-09-01,2016,9,"critical","MC","Low",30
"186",2016-09-01,2016,9,"critical","ROB","Low",30
"187",2017-09-01,2017,9,"critical","LOB","Low",0
"188",2017-09-01,2017,9,"critical","MC","Low",30
"189",2017-09-01,2017,9,"critical","ROB","Low",30
"190",2010-10-01,2010,10,"non_critical","LOB","Low",0
"191",2010-10-01,2010,10,"non_critical","MC","Low",28
"192",2010-10-01,2010,10,"non_critical","ROB","Low",30
"193",2011-10-01,2011,10,"non_critical","LOB","Low",0
"194",2011-10-01,2011,10,"non_critical","MC","Low",30
"195",2011-10-01,2011,10,"non_critical","ROB","Low",31
"196",2012-10-01,2012,10,"non_critical","LOB","Low",0
"197",2012-10-01,2012,10,"non_critical","MC","Low",31
"198",2012-10-01,2012,10,"non_critical","ROB","Low",31
"199",2013-10-01,2013,10,"non_critical","LOB","Low",0
"200",2013-10-01,2013,10,"non_critical","MC","Low",31
"201",2013-10-01,2013,10,"non_critical","ROB","Low",31
"202",2014-10-01,2014,10,"non_critical","LOB","Low",0
"203",2014-10-01,2014,10,"non_critical","MC","Low",30
"204",2014-10-01,2014,10,"non_critical","ROB","Low",31
"205",2015-10-01,2015,10,"non_critical","LOB","Low",0
"206",2015-10-01,2015,10,"non_critical","MC","Low",31
"207",2015-10-01,2015,10,"non_critical","ROB","Low",31
"208",2016-10-01,2016,10,"non_critical","LOB","Low",0
"209",2016-10-01,2016,10,"non_critical","MC","Low",31
"210",2016-10-01,2016,10,"non_critical","ROB","Low",31
"211",2010-11-01,2010,11,"non_critical","LOB","Low",0
"212",2010-11-01,2010,11,"non_critical","MC","Low",29
"213",2010-11-01,2010,11,"non_critical","ROB","Low",30
"214",2011-11-01,2011,11,"non_critical","LOB","Low",0
"215",2011-11-01,2011,11,"non_critical","MC","Low",28
"216",2011-11-01,2011,11,"non_critical","ROB","Low",30
"217",2012-11-01,2012,11,"non_critical","LOB","Low",0
"218",2012-11-01,2012,11,"non_critical","MC","Low",30
"219",2012-11-01,2012,11,"non_critical","ROB","Low",30
"220",2013-11-01,2013,11,"non_critical","LOB","Low",0
"221",2013-11-01,2013,11,"non_critical","MC","Low",30
"222",2013-11-01,2013,11,"non_critical","ROB","Low",30
"223",2014-11-01,2014,11,"non_critical","LOB","Low",0
"224",2014-11-01,2014,11,"non_critical","MC","Low",28
"225",2014-11-01,2014,11,"non_critical","ROB","Low",30
"226",2015-11-01,2015,11,"non_critical","LOB","Low",0
"227",2015-11-01,2015,11,"non_critical","MC","Low",30
"228",2015-11-01,2015,11,"non_critical","ROB","Low",30
"229",2016-11-01,2016,11,"non_critical","LOB","Low",0
"230",2016-11-01,2016,11,"non_critical","MC","Low",28
"231",2016-11-01,2016,11,"non_critical","ROB","Low",30
"232",2010-12-01,2010,12,"non_critical","LOB","Low",0
"233",2010-12-01,2010,12,"non_critical","MC","Low",22
"234",2010-12-01,2010,12,"non_critical","ROB","Low",31
"235",2011-12-01,2011,12,"non_critical","LOB","Low",0
"236",2011-12-01,2011,12,"non_critical","MC","Low",30
"237",2011-12-01,2011,12,"non_critical","ROB","Low",31
"238",2012-12-01,2012,12,"non_critical","LOB","Low",0
"239",2012-12-01,2012,12,"non_critical","MC","Low",30
"240",2012-12-01,2012,12,"non_critical","ROB","Low",31
"241",2013-12-01,2013,12,"non_critical","LOB","Low",0
"242",2013-12-01,2013,12,"non_critical","MC","Low",30
"243",2013-12-01,2013,12,"non_critical","ROB","Low",31
"244",2014-12-01,2014,12,"non_critical","LOB","Low",0
"245",2014-12-01,2014,12,"non_critical","MC","Low",28
"246",2014-12-01,2014,12,"non_critical","ROB","Low",31
"247",2015-12-01,2015,12,"non_critical","LOB","Low",0
"248",2015-12-01,2015,12,"non_critical","MC","Low",29
"249",2015-12-01,2015,12,"non_critical","ROB","Low",31
"250",2016-12-01,2016,12,"non_critical","LOB","Low",0
"251",2016-12-01,2016,12,"non_critical","MC","Low",25
"252",2016-12-01,2016,12,"non_critical","ROB","Low",31
"253",2011-01-01,2011,1,"non_critical","LOB","Medium",0
"254",2011-01-01,2011,1,"non_critical","MC","Medium",28
"255",2011-01-01,2011,1,"non_critical","ROB","Medium",31
"256",2012-01-01,2012,1,"non_critical","LOB","Medium",0
"257",2012-01-01,2012,1,"non_critical","MC","Medium",29
"258",2012-01-01,2012,1,"non_critical","ROB","Medium",31
"259",2013-01-01,2013,1,"non_critical","LOB","Medium",0
"260",2013-01-01,2013,1,"non_critical","MC","Medium",25
"261",2013-01-01,2013,1,"non_critical","ROB","Medium",31
"262",2014-01-01,2014,1,"non_critical","LOB","Medium",0
"263",2014-01-01,2014,1,"non_critical","MC","Medium",31
"264",2014-01-01,2014,1,"non_critical","ROB","Medium",31
"265",2015-01-01,2015,1,"non_critical","LOB","Medium",0
"266",2015-01-01,2015,1,"non_critical","MC","Medium",28
"267",2015-01-01,2015,1,"non_critical","ROB","Medium",31
"268",2016-01-01,2016,1,"non_critical","LOB","Medium",0
"269",2016-01-01,2016,1,"non_critical","MC","Medium",26
"270",2016-01-01,2016,1,"non_critical","ROB","Medium",29
"271",2017-01-01,2017,1,"non_critical","LOB","Medium",0
"272",2017-01-01,2017,1,"non_critical","MC","Medium",20
"273",2017-01-01,2017,1,"non_critical","ROB","Medium",29
"274",2011-02-01,2011,2,"non_critical","LOB","Medium",0
"275",2011-02-01,2011,2,"non_critical","MC","Medium",22
"276",2011-02-01,2011,2,"non_critical","ROB","Medium",27
"277",2012-02-01,2012,2,"non_critical","LOB","Medium",0
"278",2012-02-01,2012,2,"non_critical","MC","Medium",28
"279",2012-02-01,2012,2,"non_critical","ROB","Medium",29
"280",2013-02-01,2013,2,"non_critical","LOB","Medium",0
"281",2013-02-01,2013,2,"non_critical","MC","Medium",26
"282",2013-02-01,2013,2,"non_critical","ROB","Medium",28
"283",2014-02-01,2014,2,"non_critical","LOB","Medium",0
"284",2014-02-01,2014,2,"non_critical","MC","Medium",24
"285",2014-02-01,2014,2,"non_critical","ROB","Medium",27
"286",2015-02-01,2015,2,"non_critical","LOB","Medium",0
"287",2015-02-01,2015,2,"non_critical","MC","Medium",25
"288",2015-02-01,2015,2,"non_critical","ROB","Medium",28
"289",2016-02-01,2016,2,"non_critical","LOB","Medium",0
"290",2016-02-01,2016,2,"non_critical","MC","Medium",27
"291",2016-02-01,2016,2,"non_critical","ROB","Medium",29
"292",2017-02-01,2017,2,"non_critical","LOB","Medium",0
"293",2017-02-01,2017,2,"non_critical","MC","Medium",16
"294",2017-02-01,2017,2,"non_critical","ROB","Medium",27
"295",2011-03-01,2011,3,"non_critical","LOB","Medium",0
"296",2011-03-01,2011,3,"non_critical","MC","Medium",22
"297",2011-03-01,2011,3,"non_critical","ROB","Medium",30
"298",2012-03-01,2012,3,"non_critical","LOB","Medium",0
"299",2012-03-01,2012,3,"non_critical","MC","Medium",27
"300",2012-03-01,2012,3,"non_critical","ROB","Medium",29
"301",2013-03-01,2013,3,"non_critical","LOB","Medium",0
"302",2013-03-01,2013,3,"non_critical","MC","Medium",29
"303",2013-03-01,2013,3,"non_critical","ROB","Medium",31
"304",2014-03-01,2014,3,"non_critical","LOB","Medium",0
"305",2014-03-01,2014,3,"non_critical","MC","Medium",30
"306",2014-03-01,2014,3,"non_critical","ROB","Medium",31
"307",2015-03-01,2015,3,"non_critical","LOB","Medium",0
"308",2015-03-01,2015,3,"non_critical","MC","Medium",29
"309",2015-03-01,2015,3,"non_critical","ROB","Medium",31
"310",2016-03-01,2016,3,"non_critical","LOB","Medium",0
"311",2016-03-01,2016,3,"non_critical","MC","Medium",28
"312",2016-03-01,2016,3,"non_critical","ROB","Medium",28
"313",2017-03-01,2017,3,"non_critical","LOB","Medium",0
"314",2017-03-01,2017,3,"non_critical","MC","Medium",30
"315",2017-03-01,2017,3,"non_critical","ROB","Medium",31
"316",2011-04-01,2011,4,"critical","LOB","Medium",0
"317",2011-04-01,2011,4,"critical","MC","Medium",30
"318",2011-04-01,2011,4,"critical","ROB","Medium",30
"319",2012-04-01,2012,4,"critical","LOB","Medium",0
"320",2012-04-01,2012,4,"critical","MC","Medium",26
"321",2012-04-01,2012,4,"critical","ROB","Medium",29
"322",2013-04-01,2013,4,"critical","LOB","Medium",0
"323",2013-04-01,2013,4,"critical","MC","Medium",30
"324",2013-04-01,2013,4,"critical","ROB","Medium",30
"325",2014-04-01,2014,4,"critical","LOB","Medium",0
"326",2014-04-01,2014,4,"critical","MC","Medium",28
"327",2014-04-01,2014,4,"critical","ROB","Medium",30
"328",2015-04-01,2015,4,"critical","LOB","Medium",0
"329",2015-04-01,2015,4,"critical","MC","Medium",28
"330",2015-04-01,2015,4,"critical","ROB","Medium",30
"331",2016-04-01,2016,4,"critical","LOB","Medium",0
"332",2016-04-01,2016,4,"critical","MC","Medium",27
"333",2016-04-01,2016,4,"critical","ROB","Medium",30
"334",2017-04-01,2017,4,"critical","LOB","Medium",0
"335",2017-04-01,2017,4,"critical","MC","Medium",29
"336",2017-04-01,2017,4,"critical","ROB","Medium",30
"337",2011-05-01,2011,5,"critical","LOB","Medium",0
"338",2011-05-01,2011,5,"critical","MC","Medium",28
"339",2011-05-01,2011,5,"critical","ROB","Medium",31
"340",2012-05-01,2012,5,"critical","LOB","Medium",0
"341",2012-05-01,2012,5,"critical","MC","Medium",31
"342",2012-05-01,2012,5,"critical","ROB","Medium",31
"343",2013-05-01,2013,5,"critical","LOB","Medium",0
"344",2013-05-01,2013,5,"critical","MC","Medium",29
"345",2013-05-01,2013,5,"critical","ROB","Medium",31
"346",2014-05-01,2014,5,"critical","LOB","Medium",0
"347",2014-05-01,2014,5,"critical","MC","Medium",31
"348",2014-05-01,2014,5,"critical","ROB","Medium",31
"349",2015-05-01,2015,5,"critical","LOB","Medium",0
"350",2015-05-01,2015,5,"critical","MC","Medium",30
"351",2015-05-01,2015,5,"critical","ROB","Medium",31
"352",2016-05-01,2016,5,"critical","LOB","Medium",0
"353",2016-05-01,2016,5,"critical","MC","Medium",30
"354",2016-05-01,2016,5,"critical","ROB","Medium",31
"355",2017-05-01,2017,5,"critical","LOB","Medium",0
"356",2017-05-01,2017,5,"critical","MC","Medium",30
"357",2017-05-01,2017,5,"critical","ROB","Medium",31
"358",2011-06-01,2011,6,"critical","LOB","Medium",0
"359",2011-06-01,2011,6,"critical","MC","Medium",30
"360",2011-06-01,2011,6,"critical","ROB","Medium",30
"361",2012-06-01,2012,6,"critical","LOB","Medium",0
"362",2012-06-01,2012,6,"critical","MC","Medium",30
"363",2012-06-01,2012,6,"critical","ROB","Medium",30
"364",2013-06-01,2013,6,"critical","LOB","Medium",0
"365",2013-06-01,2013,6,"critical","MC","Medium",30
"366",2013-06-01,2013,6,"critical","ROB","Medium",30
"367",2014-06-01,2014,6,"critical","LOB","Medium",0
"368",2014-06-01,2014,6,"critical","MC","Medium",30
"369",2014-06-01,2014,6,"critical","ROB","Medium",30
"370",2015-06-01,2015,6,"critical","LOB","Medium",0
"371",2015-06-01,2015,6,"critical","MC","Medium",30
"372",2015-06-01,2015,6,"critical","ROB","Medium",30
"373",2016-06-01,2016,6,"critical","LOB","Medium",0
"374",2016-06-01,2016,6,"critical","MC","Medium",30
"375",2016-06-01,2016,6,"critical","ROB","Medium",30
"376",2017-06-01,2017,6,"critical","LOB","Medium",0
"377",2017-06-01,2017,6,"critical","MC","Medium",30
"378",2017-06-01,2017,6,"critical","ROB","Medium",30
"379",2011-07-01,2011,7,"critical","LOB","Medium",0
"380",2011-07-01,2011,7,"critical","MC","Medium",31
"381",2011-07-01,2011,7,"critical","ROB","Medium",31
"382",2012-07-01,2012,7,"critical","LOB","Medium",0
"383",2012-07-01,2012,7,"critical","MC","Medium",31
"384",2012-07-01,2012,7,"critical","ROB","Medium",31
"385",2013-07-01,2013,7,"critical","LOB","Medium",0
"386",2013-07-01,2013,7,"critical","MC","Medium",31
"387",2013-07-01,2013,7,"critical","ROB","Medium",31
"388",2014-07-01,2014,7,"critical","LOB","Medium",0
"389",2014-07-01,2014,7,"critical","MC","Medium",31
"390",2014-07-01,2014,7,"critical","ROB","Medium",31
"391",2015-07-01,2015,7,"critical","LOB","Medium",0
"392",2015-07-01,2015,7,"critical","MC","Medium",31
"393",2015-07-01,2015,7,"critical","ROB","Medium",31
"394",2016-07-01,2016,7,"critical","LOB","Medium",0
"395",2016-07-01,2016,7,"critical","MC","Medium",31
"396",2016-07-01,2016,7,"critical","ROB","Medium",31
"397",2017-07-01,2017,7,"critical","LOB","Medium",0
"398",2017-07-01,2017,7,"critical","MC","Medium",31
"399",2017-07-01,2017,7,"critical","ROB","Medium",31
"400",2011-08-01,2011,8,"critical","LOB","Medium",0
"401",2011-08-01,2011,8,"critical","MC","Medium",31
"402",2011-08-01,2011,8,"critical","ROB","Medium",31
"403",2012-08-01,2012,8,"critical","LOB","Medium",0
"404",2012-08-01,2012,8,"critical","MC","Medium",31
"405",2012-08-01,2012,8,"critical","ROB","Medium",31
"406",2013-08-01,2013,8,"critical","LOB","Medium",0
"407",2013-08-01,2013,8,"critical","MC","Medium",31
"408",2013-08-01,2013,8,"critical","ROB","Medium",31
"409",2014-08-01,2014,8,"critical","LOB","Medium",0
"410",2014-08-01,2014,8,"critical","MC","Medium",31
"411",2014-08-01,2014,8,"critical","ROB","Medium",31
"412",2015-08-01,2015,8,"critical","LOB","Medium",0
"413",2015-08-01,2015,8,"critical","MC","Medium",31
"414",2015-08-01,2015,8,"critical","ROB","Medium",31
"415",2016-08-01,2016,8,"critical","LOB","Medium",0
"416",2016-08-01,2016,8,"critical","MC","Medium",31
"417",2016-08-01,2016,8,"critical","ROB","Medium",31
"418",2017-08-01,2017,8,"critical","LOB","Medium",0
"419",2017-08-01,2017,8,"critical","MC","Medium",31
"420",2017-08-01,2017,8,"critical","ROB","Medium",31
"421",2011-09-01,2011,9,"critical","LOB","Medium",0
"422",2011-09-01,2011,9,"critical","MC","Medium",30
"423",2011-09-01,2011,9,"critical","ROB","Medium",30
"424",2012-09-01,2012,9,"critical","LOB","Medium",0
"425",2012-09-01,2012,9,"critical","MC","Medium",30
"426",2012-09-01,2012,9,"critical","ROB","Medium",30
"427",2013-09-01,2013,9,"critical","LOB","Medium",0
"428",2013-09-01,2013,9,"critical","MC","Medium",30
"429",2013-09-01,2013,9,"critical","ROB","Medium",30
"430",2014-09-01,2014,9,"critical","LOB","Medium",0
"431",2014-09-01,2014,9,"critical","MC","Medium",30
"432",2014-09-01,2014,9,"critical","ROB","Medium",30
"433",2015-09-01,2015,9,"critical","LOB","Medium",0
"434",2015-09-01,2015,9,"critical","MC","Medium",29
"435",2015-09-01,2015,9,"critical","ROB","Medium",30
"436",2016-09-01,2016,9,"critical","LOB","Medium",0
"437",2016-09-01,2016,9,"critical","MC","Medium",30
"438",2016-09-01,2016,9,"critical","ROB","Medium",30
"439",2017-09-01,2017,9,"critical","LOB","Medium",0
"440",2017-09-01,2017,9,"critical","MC","Medium",30
"441",2017-09-01,2017,9,"critical","ROB","Medium",30
"442",2010-10-01,2010,10,"non_critical","LOB","Medium",0
"443",2010-10-01,2010,10,"non_critical","MC","Medium",25
"444",2010-10-01,2010,10,"non_critical","ROB","Medium",30
"445",2011-10-01,2011,10,"non_critical","LOB","Medium",0
"446",2011-10-01,2011,10,"non_critical","MC","Medium",30
"447",2011-10-01,2011,10,"non_critical","ROB","Medium",31
"448",2012-10-01,2012,10,"non_critical","LOB","Medium",0
"449",2012-10-01,2012,10,"non_critical","MC","Medium",30
"450",2012-10-01,2012,10,"non_critical","ROB","Medium",31
"451",2013-10-01,2013,10,"non_critical","LOB","Medium",0
"452",2013-10-01,2013,10,"non_critical","MC","Medium",31
"453",2013-10-01,2013,10,"non_critical","ROB","Medium",31
"454",2014-10-01,2014,10,"non_critical","LOB","Medium",0
"455",2014-10-01,2014,10,"non_critical","MC","Medium",30
"456",2014-10-01,2014,10,"non_critical","ROB","Medium",31
"457",2015-10-01,2015,10,"non_critical","LOB","Medium",0
"458",2015-10-01,2015,10,"non_critical","MC","Medium",29
"459",2015-10-01,2015,10,"non_critical","ROB","Medium",31
"460",2016-10-01,2016,10,"non_critical","LOB","Medium",0
"461",2016-10-01,2016,10,"non_critical","MC","Medium",28
"462",2016-10-01,2016,10,"non_critical","ROB","Medium",31
"463",2010-11-01,2010,11,"non_critical","LOB","Medium",0
"464",2010-11-01,2010,11,"non_critical","MC","Medium",26
"465",2010-11-01,2010,11,"non_critical","ROB","Medium",30
"466",2011-11-01,2011,11,"non_critical","LOB","Medium",0
"467",2011-11-01,2011,11,"non_critical","MC","Medium",26
"468",2011-11-01,2011,11,"non_critical","ROB","Medium",29
"469",2012-11-01,2012,11,"non_critical","LOB","Medium",0
"470",2012-11-01,2012,11,"non_critical","MC","Medium",27
"471",2012-11-01,2012,11,"non_critical","ROB","Medium",30
"472",2013-11-01,2013,11,"non_critical","LOB","Medium",0
"473",2013-11-01,2013,11,"non_critical","MC","Medium",28
"474",2013-11-01,2013,11,"non_critical","ROB","Medium",30
"475",2014-11-01,2014,11,"non_critical","LOB","Medium",0
"476",2014-11-01,2014,11,"non_critical","MC","Medium",28
"477",2014-11-01,2014,11,"non_critical","ROB","Medium",30
"478",2015-11-01,2015,11,"non_critical","LOB","Medium",0
"479",2015-11-01,2015,11,"non_critical","MC","Medium",30
"480",2015-11-01,2015,11,"non_critical","ROB","Medium",30
"481",2016-11-01,2016,11,"non_critical","LOB","Medium",0
"482",2016-11-01,2016,11,"non_critical","MC","Medium",27
"483",2016-11-01,2016,11,"non_critical","ROB","Medium",30
"484",2010-12-01,2010,12,"non_critical","LOB","Medium",0
"485",2010-12-01,2010,12,"non_critical","MC","Medium",20
"486",2010-12-01,2010,12,"non_critical","ROB","Medium",29
"487",2011-12-01,2011,12,"non_critical","LOB","Medium",0
"488",2011-12-01,2011,12,"non_critical","MC","Medium",28
"489",2011-12-01,2011,12,"non_critical","ROB","Medium",31
"490",2012-12-01,2012,12,"non_critical","LOB","Medium",0
"491",2012-12-01,2012,12,"non_critical","MC","Medium",22
"492",2012-12-01,2012,12,"non_critical","ROB","Medium",31
"493",2013-12-01,2013,12,"non_critical","LOB","Medium",0
"494",2013-12-01,2013,12,"non_critical","MC","Medium",29
"495",2013-12-01,2013,12,"non_critical","ROB","Medium",31
"496",2014-12-01,2014,12,"non_critical","LOB","Medium",0
"497",2014-12-01,2014,12,"non_critical","MC","Medium",25
"498",2014-12-01,2014,12,"non_critical","ROB","Medium",29
"499",2015-12-01,2015,12,"non_critical","LOB","Medium",0
"500",2015-12-01,2015,12,"non_critical","MC","Medium",28
"501",2015-12-01,2015,12,"non_critical","ROB","Medium",31
"502",2016-12-01,2016,12,"non_critical","LOB","Medium",0
"503",2016-12-01,2016,12,"non_critical","MC","Medium",23
"504",2016-12-01,2016,12,"non_critical","ROB","Medium",30
"505",2011-01-01,2011,1,"non_critical","LOB","High",0
"506",2011-01-01,2011,1,"non_critical","MC","High",0
"507",2011-01-01,2011,1,"non_critical","ROB","High",28
"508",2012-01-01,2012,1,"non_critical","LOB","High",0
"509",2012-01-01,2012,1,"non_critical","MC","High",0
"510",2012-01-01,2012,1,"non_critical","ROB","High",29
"511",2013-01-01,2013,1,"non_critical","LOB","High",0
"512",2013-01-01,2013,1,"non_critical","MC","High",0
"513",2013-01-01,2013,1,"non_critical","ROB","High",28
"514",2014-01-01,2014,1,"non_critical","LOB","High",0
"515",2014-01-01,2014,1,"non_critical","MC","High",0
"516",2014-01-01,2014,1,"non_critical","ROB","High",31
"517",2015-01-01,2015,1,"non_critical","LOB","High",0
"518",2015-01-01,2015,1,"non_critical","MC","High",0
"519",2015-01-01,2015,1,"non_critical","ROB","High",28
"520",2016-01-01,2016,1,"non_critical","LOB","High",0
"521",2016-01-01,2016,1,"non_critical","MC","High",0
"522",2016-01-01,2016,1,"non_critical","ROB","High",26
"523",2017-01-01,2017,1,"non_critical","LOB","High",0
"524",2017-01-01,2017,1,"non_critical","MC","High",0
"525",2017-01-01,2017,1,"non_critical","ROB","High",20
"526",2011-02-01,2011,2,"non_critical","LOB","High",0
"527",2011-02-01,2011,2,"non_critical","MC","High",0
"528",2011-02-01,2011,2,"non_critical","ROB","High",23
"529",2012-02-01,2012,2,"non_critical","LOB","High",0
"530",2012-02-01,2012,2,"non_critical","MC","High",0
"531",2012-02-01,2012,2,"non_critical","ROB","High",29
"532",2013-02-01,2013,2,"non_critical","LOB","High",0
"533",2013-02-01,2013,2,"non_critical","MC","High",0
"534",2013-02-01,2013,2,"non_critical","ROB","High",26
"535",2014-02-01,2014,2,"non_critical","LOB","High",0
"536",2014-02-01,2014,2,"non_critical","MC","High",0
"537",2014-02-01,2014,2,"non_critical","ROB","High",24
"538",2015-02-01,2015,2,"non_critical","LOB","High",0
"539",2015-02-01,2015,2,"non_critical","MC","High",0
"540",2015-02-01,2015,2,"non_critical","ROB","High",26
"541",2016-02-01,2016,2,"non_critical","LOB","High",0
"542",2016-02-01,2016,2,"non_critical","MC","High",0
"543",2016-02-01,2016,2,"non_critical","ROB","High",27
"544",2017-02-01,2017,2,"non_critical","LOB","High",0
"545",2017-02-01,2017,2,"non_critical","MC","High",0
"546",2017-02-01,2017,2,"non_critical","ROB","High",19
"547",2011-03-01,2011,3,"non_critical","LOB","High",0
"548",2011-03-01,2011,3,"non_critical","MC","High",0
"549",2011-03-01,2011,3,"non_critical","ROB","High",22
"550",2012-03-01,2012,3,"non_critical","LOB","High",0
"551",2012-03-01,2012,3,"non_critical","MC","High",0
"552",2012-03-01,2012,3,"non_critical","ROB","High",27
"553",2013-03-01,2013,3,"non_critical","LOB","High",0
"554",2013-03-01,2013,3,"non_critical","MC","High",0
"555",2013-03-01,2013,3,"non_critical","ROB","High",29
"556",2014-03-01,2014,3,"non_critical","LOB","High",0
"557",2014-03-01,2014,3,"non_critical","MC","High",0
"558",2014-03-01,2014,3,"non_critical","ROB","High",30
"559",2015-03-01,2015,3,"non_critical","LOB","High",0
"560",2015-03-01,2015,3,"non_critical","MC","High",0
"561",2015-03-01,2015,3,"non_critical","ROB","High",29
"562",2016-03-01,2016,3,"non_critical","LOB","High",0
"563",2016-03-01,2016,3,"non_critical","MC","High",0
"564",2016-03-01,2016,3,"non_critical","ROB","High",28
"565",2017-03-01,2017,3,"non_critical","LOB","High",0
"566",2017-03-01,2017,3,"non_critical","MC","High",0
"567",2017-03-01,2017,3,"non_critical","ROB","High",30
"568",2011-04-01,2011,4,"critical","LOB","High",0
"569",2011-04-01,2011,4,"critical","MC","High",0
"570",2011-04-01,2011,4,"critical","ROB","High",30
"571",2012-04-01,2012,4,"critical","LOB","High",0
"572",2012-04-01,2012,4,"critical","MC","High",0
"573",2012-04-01,2012,4,"critical","ROB","High",26
"574",2013-04-01,2013,4,"critical","LOB","High",0
"575",2013-04-01,2013,4,"critical","MC","High",0
"576",2013-04-01,2013,4,"critical","ROB","High",30
"577",2014-04-01,2014,4,"critical","LOB","High",0
"578",2014-04-01,2014,4,"critical","MC","High",0
"579",2014-04-01,2014,4,"critical","ROB","High",29
"580",2015-04-01,2015,4,"critical","LOB","High",0
"581",2015-04-01,2015,4,"critical","MC","High",0
"582",2015-04-01,2015,4,"critical","ROB","High",29
"583",2016-04-01,2016,4,"critical","LOB","High",0
"584",2016-04-01,2016,4,"critical","MC","High",0
"585",2016-04-01,2016,4,"critical","ROB","High",27
"586",2017-04-01,2017,4,"critical","LOB","High",0
"587",2017-04-01,2017,4,"critical","MC","High",0
"588",2017-04-01,2017,4,"critical","ROB","High",29
"589",2011-05-01,2011,5,"critical","LOB","High",0
"590",2011-05-01,2011,5,"critical","MC","High",0
"591",2011-05-01,2011,5,"critical","ROB","High",29
"592",2012-05-01,2012,5,"critical","LOB","High",0
"593",2012-05-01,2012,5,"critical","MC","High",0
"594",2012-05-01,2012,5,"critical","ROB","High",31
"595",2013-05-01,2013,5,"critical","LOB","High",0
"596",2013-05-01,2013,5,"critical","MC","High",0
"597",2013-05-01,2013,5,"critical","ROB","High",29
"598",2014-05-01,2014,5,"critical","LOB","High",0
"599",2014-05-01,2014,5,"critical","MC","High",0
"600",2014-05-01,2014,5,"critical","ROB","High",31
"601",2015-05-01,2015,5,"critical","LOB","High",0
"602",2015-05-01,2015,5,"critical","MC","High",0
"603",2015-05-01,2015,5,"critical","ROB","High",30
"604",2016-05-01,2016,5,"critical","LOB","High",0
"605",2016-05-01,2016,5,"critical","MC","High",0
"606",2016-05-01,2016,5,"critical","ROB","High",30
"607",2017-05-01,2017,5,"critical","LOB","High",0
"608",2017-05-01,2017,5,"critical","MC","High",0
"609",2017-05-01,2017,5,"critical","ROB","High",31
"610",2011-06-01,2011,6,"critical","LOB","High",0
"611",2011-06-01,2011,6,"critical","MC","High",0
"612",2011-06-01,2011,6,"critical","ROB","High",30
"613",2012-06-01,2012,6,"critical","LOB","High",0
"614",2012-06-01,2012,6,"critical","MC","High",0
"615",2012-06-01,2012,6,"critical","ROB","High",30
"616",2013-06-01,2013,6,"critical","LOB","High",0
"617",2013-06-01,2013,6,"critical","MC","High",0
"618",2013-06-01,2013,6,"critical","ROB","High",30
"619",2014-06-01,2014,6,"critical","LOB","High",0
"620",2014-06-01,2014,6,"critical","MC","High",0
"621",2014-06-01,2014,6,"critical","ROB","High",30
"622",2015-06-01,2015,6,"critical","LOB","High",0
"623",2015-06-01,2015,6,"critical","MC","High",0
"624",2015-06-01,2015,6,"critical","ROB","High",30
"625",2016-06-01,2016,6,"critical","LOB","High",0
"626",2016-06-01,2016,6,"critical","MC","High",0
"627",2016-06-01,2016,6,"critical","ROB","High",30
"628",2017-06-01,2017,6,"critical","LOB","High",0
"629",2017-06-01,2017,6,"critical","MC","High",0
"630",2017-06-01,2017,6,"critical","ROB","High",30
"631",2011-07-01,2011,7,"critical","LOB","High",0
"632",2011-07-01,2011,7,"critical","MC","High",0
"633",2011-07-01,2011,7,"critical","ROB","High",31
"634",2012-07-01,2012,7,"critical","LOB","High",0
"635",2012-07-01,2012,7,"critical","MC","High",0
"636",2012-07-01,2012,7,"critical","ROB","High",31
"637",2013-07-01,2013,7,"critical","LOB","High",0
"638",2013-07-01,2013,7,"critical","MC","High",0
"639",2013-07-01,2013,7,"critical","ROB","High",31
"640",2014-07-01,2014,7,"critical","LOB","High",0
"641",2014-07-01,2014,7,"critical","MC","High",0
"642",2014-07-01,2014,7,"critical","ROB","High",31
"643",2015-07-01,2015,7,"critical","LOB","High",0
"644",2015-07-01,2015,7,"critical","MC","High",0
"645",2015-07-01,2015,7,"critical","ROB","High",31
"646",2016-07-01,2016,7,"critical","LOB","High",0
"647",2016-07-01,2016,7,"critical","MC","High",0
"648",2016-07-01,2016,7,"critical","ROB","High",31
"649",2017-07-01,2017,7,"critical","LOB","High",0
"650",2017-07-01,2017,7,"critical","MC","High",0
"651",2017-07-01,2017,7,"critical","ROB","High",31
"652",2011-08-01,2011,8,"critical","LOB","High",0
"653",2011-08-01,2011,8,"critical","MC","High",0
"654",2011-08-01,2011,8,"critical","ROB","High",31
"655",2012-08-01,2012,8,"critical","LOB","High",0
"656",2012-08-01,2012,8,"critical","MC","High",0
"657",2012-08-01,2012,8,"critical","ROB","High",31
"658",2013-08-01,2013,8,"critical","LOB","High",0
"659",2013-08-01,2013,8,"critical","MC","High",0
"660",2013-08-01,2013,8,"critical","ROB","High",31
"661",2014-08-01,2014,8,"critical","LOB","High",0
"662",2014-08-01,2014,8,"critical","MC","High",0
"663",2014-08-01,2014,8,"critical","ROB","High",31
"664",2015-08-01,2015,8,"critical","LOB","High",0
"665",2015-08-01,2015,8,"critical","MC","High",0
"666",2015-08-01,2015,8,"critical","ROB","High",31
"667",2016-08-01,2016,8,"critical","LOB","High",0
"668",2016-08-01,2016,8,"critical","MC","High",0
"669",2016-08-01,2016,8,"critical","ROB","High",31
"670",2017-08-01,2017,8,"critical","LOB","High",0
"671",2017-08-01,2017,8,"critical","MC","High",0
"672",2017-08-01,2017,8,"critical","ROB","High",31
"673",2011-09-01,2011,9,"critical","LOB","High",0
"674",2011-09-01,2011,9,"critical","MC","High",0
"675",2011-09-01,2011,9,"critical","ROB","High",30
"676",2012-09-01,2012,9,"critical","LOB","High",0
"677",2012-09-01,2012,9,"critical","MC","High",0
"678",2012-09-01,2012,9,"critical","ROB","High",30
"679",2013-09-01,2013,9,"critical","LOB","High",0
"680",2013-09-01,2013,9,"critical","MC","High",0
"681",2013-09-01,2013,9,"critical","ROB","High",30
"682",2014-09-01,2014,9,"critical","LOB","High",0
"683",2014-09-01,2014,9,"critical","MC","High",0
"684",2014-09-01,2014,9,"critical","ROB","High",30
"685",2015-09-01,2015,9,"critical","LOB","High",0
"686",2015-09-01,2015,9,"critical","MC","High",0
"687",2015-09-01,2015,9,"critical","ROB","High",30
"688",2016-09-01,2016,9,"critical","LOB","High",0
"689",2016-09-01,2016,9,"critical","MC","High",0
"690",2016-09-01,2016,9,"critical","ROB","High",30
"691",2017-09-01,2017,9,"critical","LOB","High",0
"692",2017-09-01,2017,9,"critical","MC","High",0
"693",2017-09-01,2017,9,"critical","ROB","High",30
"694",2010-10-01,2010,10,"non_critical","LOB","High",0
"695",2010-10-01,2010,10,"non_critical","MC","High",0
"696",2010-10-01,2010,10,"non_critical","ROB","High",25
"697",2011-10-01,2011,10,"non_critical","LOB","High",0
"698",2011-10-01,2011,10,"non_critical","MC","High",0
"699",2011-10-01,2011,10,"non_critical","ROB","High",30
"700",2012-10-01,2012,10,"non_critical","LOB","High",0
"701",2012-10-01,2012,10,"non_critical","MC","High",0
"702",2012-10-01,2012,10,"non_critical","ROB","High",30
"703",2013-10-01,2013,10,"non_critical","LOB","High",0
"704",2013-10-01,2013,10,"non_critical","MC","High",0
"705",2013-10-01,2013,10,"non_critical","ROB","High",31
"706",2014-10-01,2014,10,"non_critical","LOB","High",0
"707",2014-10-01,2014,10,"non_critical","MC","High",0
"708",2014-10-01,2014,10,"non_critical","ROB","High",30
"709",2015-10-01,2015,10,"non_critical","LOB","High",0
"710",2015-10-01,2015,10,"non_critical","MC","High",0
"711",2015-10-01,2015,10,"non_critical","ROB","High",29
"712",2016-10-01,2016,10,"non_critical","LOB","High",0
"713",2016-10-01,2016,10,"non_critical","MC","High",0
"714",2016-10-01,2016,10,"non_critical","ROB","High",29
"715",2010-11-01,2010,11,"non_critical","LOB","High",0
"716",2010-11-01,2010,11,"non_critical","MC","High",0
"717",2010-11-01,2010,11,"non_critical","ROB","High",26
"718",2011-11-01,2011,11,"non_critical","LOB","High",0
"719",2011-11-01,2011,11,"non_critical","MC","High",0
"720",2011-11-01,2011,11,"non_critical","ROB","High",26
"721",2012-11-01,2012,11,"non_critical","LOB","High",0
"722",2012-11-01,2012,11,"non_critical","MC","High",0
"723",2012-11-01,2012,11,"non_critical","ROB","High",27
"724",2013-11-01,2013,11,"non_critical","LOB","High",0
"725",2013-11-01,2013,11,"non_critical","MC","High",0
"726",2013-11-01,2013,11,"non_critical","ROB","High",28
"727",2014-11-01,2014,11,"non_critical","LOB","High",0
"728",2014-11-01,2014,11,"non_critical","MC","High",0
"729",2014-11-01,2014,11,"non_critical","ROB","High",28
"730",2015-11-01,2015,11,"non_critical","LOB","High",0
"731",2015-11-01,2015,11,"non_critical","MC","High",0
"732",2015-11-01,2015,11,"non_critical","ROB","High",30
"733",2016-11-01,2016,11,"non_critical","LOB","High",0
"734",2016-11-01,2016,11,"non_critical","MC","High",0
"735",2016-11-01,2016,11,"non_critical","ROB","High",27
"736",2010-12-01,2010,12,"non_critical","LOB","High",0
"737",2010-12-01,2010,12,"non_critical","MC","High",0
"738",2010-12-01,2010,12,"non_critical","ROB","High",20
"739",2011-12-01,2011,12,"non_critical","LOB","High",0
"740",2011-12-01,2011,12,"non_critical","MC","High",0
"741",2011-12-01,2011,12,"non_critical","ROB","High",28
"742",2012-12-01,2012,12,"non_critical","LOB","High",0
"743",2012-12-01,2012,12,"non_critical","MC","High",0
"744",2012-12-01,2012,12,"non_critical","ROB","High",23
"745",2013-12-01,2013,12,"non_critical","LOB","High",0
"746",2013-12-01,2013,12,"non_critical","MC","High",0
"747",2013-12-01,2013,12,"non_critical","ROB","High",29
"748",2014-12-01,2014,12,"non_critical","LOB","High",0
"749",2014-12-01,2014,12,"non_critical","MC","High",0
"750",2014-12-01,2014,12,"non_critical","ROB","High",25
"751",2015-12-01,2015,12,"non_critical","LOB","High",0
"752",2015-12-01,2015,12,"non_critical","MC","High",0
"753",2015-12-01,2015,12,"non_critical","ROB","High",28
"754",2016-12-01,2016,12,"non_critical","LOB","High",0
"755",2016-12-01,2016,12,"non_critical","MC","High",0
"756",2016-12-01,2016,12,"non_critical","ROB","High",23
